{"resourceType":"NamingSystem","id":"be-ns-prescription-ids","text":{"status":"generated","div":"<div xmlns=\"http://www.w3.org/1999/xhtml\"><p class=\"res-header-id\"><b>Generated Narrative: NamingSystem be-ns-prescription-ids</b></p><a name=\"be-ns-prescription-ids\"> </a><a name=\"hcbe-ns-prescription-ids\"> </a><a name=\"be-ns-prescription-ids-en-US\"> </a><h3>Summary</h3><table class=\"grid\"><tr><td>Defining URL</td><td>https://www.ehealth.fgov.be/standards/fhir/medication/NamingSystem/be-ns-prescription-ids</td></tr><tr><td>Version</td><td>1.1.0</td></tr><tr><td>Name</td><td>BeNSPrescriptions</td></tr><tr><td>Status</td><td>active</td></tr><tr><td>Definition</td><td><div><p>Naming System - Prescription IDs</p>\n</div></td></tr><tr><td>Publisher</td><td>HL7 Belgium</td></tr></table><h3>Identifiers</h3><table class=\"grid\"><tr><td><b>Type</b></td><td><b>Value</b></td><td><b>Preferred</b></td></tr><tr><td>URI</td><td>https://www.ehealth.fgov.be/standards/fhir/medication/NamingSystem/prescription-id</td><td>true</td></tr></table></div>"},"extension":[{"url":"http://hl7.org/fhir/5.0/StructureDefinition/extension-NamingSystem.url","valueUri":"https://www.ehealth.fgov.be/standards/fhir/medication/NamingSystem/be-ns-prescription-ids"},{"url":"http://hl7.org/fhir/5.0/StructureDefinition/extension-NamingSystem.version","valueString":"1.1.0"}],"name":"BeNSPrescriptions","status":"active","kind":"identifier","date":"2020-07-24","publisher":"HL7 Belgium","contact":[{"name":"HL7 Belgium","telecom":[{"system":"url","value":"https://www.hl7belgium.org"},{"system":"email","value":"hl7belgium@hl7belgium.org"}]},{"name":"Message Structure eHealth","telecom":[{"system":"email","value":"message-structure@ehealth.fgov.be","use":"work"}]}],"description":"Naming System - Prescription IDs","jurisdiction":[{"coding":[{"system":"urn:iso:std:iso:3166","code":"BE","display":"Belgium"}]}],"uniqueId":[{"type":"uri","value":"https://www.ehealth.fgov.be/standards/fhir/medication/NamingSystem/prescription-id","preferred":true}]}