{
  "resourceType" : "MedicationDispense",
  "id" : "medicationdispense-example-2",
  "meta" : {
    "profile" : ["https://www.ehealth.fgov.be/standards/fhir/medication/StructureDefinition/be-medicationdispense"]
  },
  "language" : "nl-BE",
  "text" : {
    "status" : "generated",
    "div" : "<div xmlns=\"http://www.w3.org/1999/xhtml\" xml:lang=\"nl-BE\" lang=\"nl-BE\"><p class=\"res-header-id\"><b>Generated Narrative: MedicationDispense medicationdispense-example-2</b></p><a name=\"medicationdispense-example-2\"> </a><a name=\"hcmedicationdispense-example-2\"> </a><a name=\"medicationdispense-example-2-en-US\"> </a><div style=\"display: inline-block; background-color: #d9e0e7; padding: 6px; margin: 4px; border: 1px solid #8da1b4; border-radius: 5px; line-height: 60%\"><p style=\"margin-bottom: 0px\">Language: nl-BE</p><p style=\"margin-bottom: 0px\">Profile: <a href=\"StructureDefinition-be-medicationdispense.html\">BeMedicationDispense</a></p></div><p><b>identifier</b>: dguid/a8ca980c-aa4f-44f3-8cf7-547e6ad3dba0</p><p><b>status</b>: Completed</p><p><b>medication</b>: <span title=\"Codes:{https://www.ehealth.fgov.be/standards/fhir/medication/NamingSystem/cnk-codes 1439562}\">Topazolam tab 50x 1,0mg</span></p><p><b>subject</b>: Identifier: <code>https://www.ehealth.fgov.be/standards/fhir/NamingSystem/ssin</code>/64110219106</p><p><b>context</b>: Identifier: sguid/b8ca980c-72aa-11e7-8cf7-a6006ad3dba0</p><h3>Performers</h3><table class=\"grid\"><tr><td style=\"display: none\">-</td><td><b>Actor</b></td></tr><tr><td style=\"display: none\">*</td><td><a href=\"#hcmedicationdispense-example-2/apotheek-onder-de-toren\">Apotheek onder de toren</a></td></tr></table><p><b>authorizingPrescription</b>: Prescription</p><p><b>quantity</b>: 1(unit package from https://www.gfd-dpp.be/fhir/reference/packaging)<span style=\"background: LightGoldenRodYellow\"> (Details: packaging  codepackage = 'package')</span></p><p><b>whenHandedOver</b>: 2020-03-10</p><h3>DosageInstructions</h3><table class=\"grid\"><tr><td style=\"display: none\">-</td><td><b>Text</b></td></tr><tr><td style=\"display: none\">*</td><td>3 x per dag</td></tr></table><hr/><blockquote><p class=\"res-header-id\"><b>Generated Narrative: Organization  #apotheek-onder-de-toren</b></p><a name=\"medicationdispense-example-2/apotheek-onder-de-toren\"> </a><a name=\"hcmedicationdispense-example-2/apotheek-onder-de-toren\"> </a><a name=\"medicationdispense-example-2/apotheek-onder-de-toren-en-US\"> </a><p><b>identifier</b>: <code>https://www.ehealth.fgov.be/standards/fhir/NamingSystem/nihdi-organization</code>/27457532</p><p><b>type</b>: <span title=\"Codes:{https://www.ehealth.fgov.be/standards/fhir/core/CodeSystem/cd-hcparty orgpharmacy}\">independent pharmacy</span></p></blockquote></div>"
  },
  "contained" : [{
    "resourceType" : "Organization",
    "id" : "apotheek-onder-de-toren",
    "meta" : {
      "profile" : ["https://www.ehealth.fgov.be/standards/fhir/core/StructureDefinition/be-organization"]
    },
    "identifier" : [{
      "system" : "https://www.ehealth.fgov.be/standards/fhir/NamingSystem/nihdi-organization",
      "value" : "27457532"
    }],
    "type" : [{
      "coding" : [{
        "system" : "https://www.ehealth.fgov.be/standards/fhir/core/CodeSystem/cd-hcparty",
        "code" : "orgpharmacy"
      }]
    }]
  }],
  "identifier" : [{
    "type" : {
      "coding" : [{
        "code" : "dguid"
      }]
    },
    "system" : "https://www.gfd-dpp.be/fhir/reference/dguid",
    "value" : "a8ca980c-aa4f-44f3-8cf7-547e6ad3dba0"
  }],
  "status" : "completed",
  "medicationCodeableConcept" : {
    "coding" : [{
      "system" : "https://www.ehealth.fgov.be/standards/fhir/medication/NamingSystem/cnk-codes",
      "code" : "1439562",
      "display" : "Topazolam tab 50x 1,0mg",
      "_display" : {
        "extension" : [{
          "extension" : [{
            "url" : "lang",
            "valueCode" : "nl-BE"
          },
          {
            "url" : "content",
            "valueString" : "Topazolam tab 50x 1,0mg"
          }],
          "url" : "http://hl7.org/fhir/StructureDefinition/translation"
        }]
      }
    }]
  },
  "subject" : {
    "identifier" : {
      "system" : "https://www.ehealth.fgov.be/standards/fhir/NamingSystem/ssin",
      "value" : "64110219106"
    }
  },
  "context" : {
    "identifier" : {
      "type" : {
        "coding" : [{
          "code" : "sguid"
        }]
      },
      "system" : "https://www.gfd-dpp.be/fhir/reference/sguid",
      "value" : "b8ca980c-72aa-11e7-8cf7-a6006ad3dba0"
    }
  },
  "performer" : [{
    "actor" : {
      "reference" : "#apotheek-onder-de-toren",
      "identifier" : {
        "system" : "https://www.ehealth.fgov.be/standards/fhir/NamingSystem/nihdi-organization",
        "value" : "27457532"
      },
      "display" : "Apotheek onder de toren"
    }
  }],
  "authorizingPrescription" : [{
    "display" : "Prescription"
  }],
  "quantity" : {
    "value" : 1,
    "system" : "https://www.gfd-dpp.be/fhir/reference/packaging",
    "code" : "package"
  },
  "whenHandedOver" : "2020-03-10",
  "dosageInstruction" : [{
    "text" : "3 x per dag",
    "_text" : {
      "extension" : [{
        "extension" : [{
          "url" : "lang",
          "valueCode" : "fr-BE"
        },
        {
          "url" : "content",
          "valueString" : "3 x par jour"
        }],
        "url" : "http://hl7.org/fhir/StructureDefinition/translation"
      }]
    }
  }]
}