<?xml version="1.0" encoding="UTF-8"?>

<MedicationDispense xmlns="http://hl7.org/fhir">
  <id value="example-dispense-communitypharmacy-1med"/>
  <meta>
    <profile value="https://www.ehealth.fgov.be/standards/fhir/medication/StructureDefinition/be-medicationdispense"/>
  </meta>
  <language value="fr-BE"/>
  <text>
    <status value="generated"/><div xmlns="http://www.w3.org/1999/xhtml" xml:lang="fr-BE" lang="fr-BE"><p><b>Generated Narrative: MedicationDispense </b><a name="example-dispense-communitypharmacy-1med"> </a><a name="hcexample-dispense-communitypharmacy-1med"> </a></p><div style="display: inline-block; background-color: #d9e0e7; padding: 6px; margin: 4px; border: 1px solid #8da1b4; border-radius: 5px; line-height: 60%"><p style="margin-bottom: 0px">ResourceMedicationDispense &quot;example-dispense-communitypharmacy-1med&quot;  (Language&quot;fr-BE&quot;) </p><p style="margin-bottom: 0px">Profile: <a href="StructureDefinition-be-medicationdispense.html">BeMedicationDispense</a></p></div><p><b>identifier</b>: dguid/a8c45fdc-72aa-11e7-8cf7-a6007ad37dc0</p><p><b>status</b>: completed</p><p><b>medication</b>: Topazolam tab 50x 1,0mg <span style="background: LightGoldenRodYellow; margin: 4px; border: 1px solid khaki"> (cnk-codes#1439562)</span></p><p><b>subject</b>: <span><code>https://www.ehealth.fgov.be/standards/fhir/NamingSystem/ssin</code>/64110219106</span></p><p><b>context</b>: <span>sguid/b8ca980c-72aa-11e7-8cf7-a6006ad3dba0</span></p><blockquote><p><b>performer</b></p><p><b>actor</b>: <span>: Jan Janssen</span></p></blockquote><blockquote><p><b>performer</b></p><p><b>actor</b>: <span>: Apotheek onder de toren</span></p></blockquote><p><b>authorizingPrescription</b>: <span>: Prescription 2014fd</span></p><p><b>quantity</b>: 1(unit package from https://www.gfd-dpp.be/fhir/reference/packaging)<span style="background: LightGoldenRodYellow"> (Details: packaging  codepackage = 'package')</span></p><p><b>whenHandedOver</b>: 2020-03-10</p><h3>DosageInstructions</h3><table class="grid"><tr><td style="display: none">-</td><td><b>Text</b></td></tr><tr><td style="display: none">*</td><td>3 x par jour</td></tr></table></div>
  </text>
  <identifier>
    <type>
      <coding>
        <code value="dguid"/>
      </coding>
    </type>
    <system value="https://www.gfd-dpp.be/fhir/reference/dguid"/>
    <value value="a8c45fdc-72aa-11e7-8cf7-a6007ad37dc0"/>
  </identifier>
  <status value="completed"/>
  <medicationCodeableConcept>
    <coding>
      <system value="https://www.ehealth.fgov.be/standards/fhir/medication/NamingSystem/cnk-codes"/>
      <code value="1439562"/>
      <display value="Topazolam tab 50x 1,0mg">
        <extension url="http://hl7.org/fhir/StructureDefinition/translation">
          <extension url="lang">
            <valueCode value="nl-BE"/>
          </extension>
          <extension url="content">
            <valueString value="Topazolam tab 50x 1,0mg"/>
          </extension>
        </extension>
      </display>
    </coding>
  </medicationCodeableConcept>
  <subject>
    <identifier>
      <system value="https://www.ehealth.fgov.be/standards/fhir/NamingSystem/ssin"/>
      <value value="64110219106"/>
    </identifier>
  </subject>
  <context>
    <identifier>
      <type>
        <coding>
          <code value="sguid"/>
        </coding>
      </type>
      <system value="https://www.gfd-dpp.be/fhir/reference/sguid"/>
      <value value="b8ca980c-72aa-11e7-8cf7-a6006ad3dba0"/>
    </identifier>
  </context>
  <performer>
    <actor>
      <identifier>
        <system value="https://www.ehealth.fgov.be/standards/fhir/NamingSystem/nihdi-practitioner"/>
        <value value="6547432"/>
      </identifier>
      <display value="Jan Janssen"/>
    </actor>
  </performer>
  <performer>
    <actor>
      <identifier>
        <system value="https://www.ehealth.fgov.be/standards/fhir/NamingSystem/nihdi-organization"/>
        <value value="27457532"/>
      </identifier>
      <display value="Apotheek onder de toren"/>
    </actor>
  </performer>
  <authorizingPrescription>
    <identifier>
      <system value="https://www.ehealth.fgov.be/standards/fhir/NamingSystem/prescription-id"/>
      <value value="2d8dab92-5c38-4380-96a9-e461be2014fd"/>
    </identifier>
    <display value="Prescription 2014fd"/>
  </authorizingPrescription>
  <quantity>
    <value value="1"/>
    <system value="https://www.gfd-dpp.be/fhir/reference/packaging"/>
    <code value="package"/>
  </quantity>
  <whenHandedOver value="2020-03-10"/>
  <dosageInstruction>
    <text value="3 x par jour">
      <extension url="http://hl7.org/fhir/StructureDefinition/translation">
        <extension url="lang">
          <valueCode value="nl-BE"/>
        </extension>
        <extension url="content">
          <valueString value="3 x per dag"/>
        </extension>
      </extension>
    </text>
  </dosageInstruction>
</MedicationDispense>