{
  "resourceType" : "ValueSet",
  "id" : "40a2abd1-9d7d-4c45-9b4c-a1ac86c00a45-17",
  "url" : "http://hl7.org/fhir/comparison/ValueSet/40a2abd1-9d7d-4c45-9b4c-a1ac86c00a45-17",
  "name" : "UnionDispenserTypesAndDispenserTypes",
  "title" : "Union of Dispenser Types And Dispenser Types",
  "status" : "active",
  "date" : "2024-06-18T08:47:20+00:00",
  "jurisdiction" : [{
    "coding" : [{
      "system" : "urn:iso:std:iso:3166",
      "code" : "BE",
      "display" : "Belgium"
    }]
  }],
  "compose" : {
    "include" : [{
      "concept" : [{
        "code" : "deptpharmacy"
      },
      {
        "code" : "perspharmacist"
      },
      {
        "code" : "orgpharmacy"
      },
      {
        "code" : "perspharmacyassistant"
      },
      {
        "code" : "perspharmacistclinicalbiologist"
      },
      {
        "code" : "persdentist"
      },
      {
        "code" : "deptdentistry"
      }]
    }]
  }
}