{
  "codeSystems" : [
    {
      "url" : "http://snomed.info/sct",
      "version" : null,
      "status" : "active",
      "name" : "SNOMED_CT",
      "title" : "SNOMED CT (all versions)",
      "description" : "SNOMED CT is the most comprehensive and precise clinical health terminology product in the world, owned and distributed around the world by The International Health Terminology Standards Development Organisation (IHTSDO).",
      "oids" : ["2.16.840.1.113883.6.96"],
      "uses" : {
      },
      "http://hl7.org/fhir/R4/valueset-medication-codes.html" : "SNOMED CT Medication Codes",
      "ValueSet-medication-exposure-category-vs.html" : "Medication exposure intent"
    },
    {
      "url" : "https://www.ehealth.fgov.be/standards/fhir/core/CodeSystem/cd-hcparty",
      "version" : "2.0.1",
      "status" : "active",
      "name" : "HCParty",
      "title" : "BeCdHcParty",
      "description" : "healthcare party in Belgium.",
      "uses" : {
      },
      "ValueSet-be-vs-dispenser-types.html" : "Dispenser Types"
    },
    {
      "url" : "https://www.ehealth.fgov.be/standards/fhir/medication/CodeSystem/medication-type",
      "version" : "2.0.0",
      "status" : "draft",
      "name" : "BEMLMedicationType",
      "title" : "Medication preparation Type",
      "description" : "Medication preparation type",
      "uses" : {
      },
      "ValueSet-medication-type-vs.html" : "Medication preparation Type value set"
    }
  ]
}
