<?xml version="1.0" encoding="UTF-8"?>

<Bundle xmlns="http://hl7.org/fhir">
  <id value="95efeaf1-0860-43ee-ab5e-09ed0e6a4984"/>
  <meta>
    <lastUpdated value="2024-11-18T05:03:15.420+00:00"/>
  </meta>
  <type value="collection"/>
  <entry>
    <fullUrl value="https://www.ehealth.fgov.be/standards/fhir/medication/ValueSet/be-vs-dispenser-types"/>
    <resource>
      <ValueSet>
        <text>
          <status value="generated"/>
          <div xmlns="http://www.w3.org/1999/xhtml">
            <p class="res-header-id">
              <b>Generated Narrative: ValueSet </b>
            </p>
            <p style="border: black 1px dotted; background-color: #EEEEEE; padding: 8px; margin-bottom: 8px">Expansion based on 
              <a href="https://www.ehealth.fgov.be/standards/fhir/core/2.0.1/CodeSystem-cd-hcparty.html">codesystem BeCdHcParty v2.0.1 (CodeSystem)</a>
            </p>
            <p>This value set contains 7 concepts</p>
            <table class="codes">
              <tr>
                <td style="white-space:nowrap">
                  <b>Code</b>
                </td>
                <td>
                  <b>System</b>
                </td>
                <td>
                  <b>Display</b>
                </td>
              </tr>
              <tr>
                <td style="white-space:nowrap">
                  <a name="x-https://www.ehealth.fgov.be/standards/fhir/core/CodeSystem/cd-hcparty-deptpharmacy"> </a>  
                  <a href="https://www.ehealth.fgov.be/standards/fhir/core/2.0.1/CodeSystem-cd-hcparty.html#cd-hcparty-deptpharmacy">deptpharmacy</a>
                </td>
                <td>https://www.ehealth.fgov.be/standards/fhir/core/CodeSystem/cd-hcparty</td>
                <td>Pharmacy service or department within an organisation</td>
              </tr>
              <tr>
                <td style="white-space:nowrap">
                  <a name="x-https://www.ehealth.fgov.be/standards/fhir/core/CodeSystem/cd-hcparty-perspharmacist"> </a>  
                  <a href="https://www.ehealth.fgov.be/standards/fhir/core/2.0.1/CodeSystem-cd-hcparty.html#cd-hcparty-perspharmacist">perspharmacist</a>
                </td>
                <td>https://www.ehealth.fgov.be/standards/fhir/core/CodeSystem/cd-hcparty</td>
                <td>pharmacist</td>
              </tr>
              <tr>
                <td style="white-space:nowrap">
                  <a name="x-https://www.ehealth.fgov.be/standards/fhir/core/CodeSystem/cd-hcparty-orgpharmacy"> </a>  
                  <a href="https://www.ehealth.fgov.be/standards/fhir/core/2.0.1/CodeSystem-cd-hcparty.html#cd-hcparty-orgpharmacy">orgpharmacy</a>
                </td>
                <td>https://www.ehealth.fgov.be/standards/fhir/core/CodeSystem/cd-hcparty</td>
                <td>Independent pharmacy</td>
              </tr>
              <tr>
                <td style="white-space:nowrap">
                  <a name="x-https://www.ehealth.fgov.be/standards/fhir/core/CodeSystem/cd-hcparty-perspharmacyassistant"> </a>  
                  <a href="https://www.ehealth.fgov.be/standards/fhir/core/2.0.1/CodeSystem-cd-hcparty.html#cd-hcparty-perspharmacyassistant">perspharmacyassistant</a>
                </td>
                <td>https://www.ehealth.fgov.be/standards/fhir/core/CodeSystem/cd-hcparty</td>
                <td>pharmacy assistant</td>
              </tr>
              <tr>
                <td style="white-space:nowrap">
                  <a name="x-https://www.ehealth.fgov.be/standards/fhir/core/CodeSystem/cd-hcparty-perspharmacistclinicalbiologist"> </a>  
                  <a href="https://www.ehealth.fgov.be/standards/fhir/core/2.0.1/CodeSystem-cd-hcparty.html#cd-hcparty-perspharmacistclinicalbiologist">perspharmacistclinicalbiologist</a>
                </td>
                <td>https://www.ehealth.fgov.be/standards/fhir/core/CodeSystem/cd-hcparty</td>
                <td>pharmacist-clinical biologist</td>
              </tr>
              <tr>
                <td style="white-space:nowrap">
                  <a name="x-https://www.ehealth.fgov.be/standards/fhir/core/CodeSystem/cd-hcparty-persdentist"> </a>  
                  <a href="https://www.ehealth.fgov.be/standards/fhir/core/2.0.1/CodeSystem-cd-hcparty.html#cd-hcparty-persdentist">persdentist</a>
                </td>
                <td>https://www.ehealth.fgov.be/standards/fhir/core/CodeSystem/cd-hcparty</td>
                <td>dentist</td>
              </tr>
              <tr>
                <td style="white-space:nowrap">
                  <a name="x-https://www.ehealth.fgov.be/standards/fhir/core/CodeSystem/cd-hcparty-deptdentistry"> </a>  
                  <a href="https://www.ehealth.fgov.be/standards/fhir/core/2.0.1/CodeSystem-cd-hcparty.html#cd-hcparty-deptdentistry">deptdentistry</a>
                </td>
                <td>https://www.ehealth.fgov.be/standards/fhir/core/CodeSystem/cd-hcparty</td>
                <td>dentistry</td>
              </tr>
            </table>
          </div>
        </text>
        <url value="https://www.ehealth.fgov.be/standards/fhir/medication/ValueSet/be-vs-dispenser-types"/>
        <version value="1.1.0"/>
        <name value="DispenserTypes"/>
        <title value="Dispenser Types"/>
        <status value="draft"/>
        <experimental value="false"/>
        <date value="2024-11-18T05:03:15+00:00"/>
        <jurisdiction>
          <coding>
            <system value="urn:iso:std:iso:3166"/>
            <code value="BE"/>
            <display value="Belgium"/>
          </coding>
        </jurisdiction>
        <expansion>
          <identifier value="urn:uuid:cd838aab-db81-4ac1-b6a8-8e3fc678ddce"/>
          <timestamp value="2024-11-18T05:04:11+00:00"/>
          <total value="7"/>
          <offset value="0"/>
          <parameter>
            <name value="count"/>
            <valueInteger value="1000"/>
          </parameter>
          <parameter>
            <name value="offset"/>
            <valueInteger value="0"/>
          </parameter>
          <parameter>
            <name value="excludeNested"/>
            <valueBoolean value="false"/>
          </parameter>
          <parameter>
            <name value="used-codesystem"/>
            <valueUri value="https://www.ehealth.fgov.be/standards/fhir/core/CodeSystem/cd-hcparty|2.0.1"/>
          </parameter>
          <contains>
            <system value="https://www.ehealth.fgov.be/standards/fhir/core/CodeSystem/cd-hcparty"/>
            <code value="deptpharmacy"/>
            <display value="Pharmacy service or department within an organisation"/>
          </contains>
          <contains>
            <system value="https://www.ehealth.fgov.be/standards/fhir/core/CodeSystem/cd-hcparty"/>
            <code value="perspharmacist"/>
            <display value="pharmacist"/>
          </contains>
          <contains>
            <system value="https://www.ehealth.fgov.be/standards/fhir/core/CodeSystem/cd-hcparty"/>
            <code value="orgpharmacy"/>
            <display value="Independent pharmacy"/>
          </contains>
          <contains>
            <system value="https://www.ehealth.fgov.be/standards/fhir/core/CodeSystem/cd-hcparty"/>
            <code value="perspharmacyassistant"/>
            <display value="pharmacy assistant"/>
          </contains>
          <contains>
            <system value="https://www.ehealth.fgov.be/standards/fhir/core/CodeSystem/cd-hcparty"/>
            <code value="perspharmacistclinicalbiologist"/>
            <display value="pharmacist-clinical biologist"/>
          </contains>
          <contains>
            <system value="https://www.ehealth.fgov.be/standards/fhir/core/CodeSystem/cd-hcparty"/>
            <code value="persdentist"/>
            <display value="dentist"/>
          </contains>
          <contains>
            <system value="https://www.ehealth.fgov.be/standards/fhir/core/CodeSystem/cd-hcparty"/>
            <code value="deptdentistry"/>
            <display value="dentistry"/>
          </contains>
        </expansion>
      </ValueSet>
    </resource>
  </entry>
  <entry>
    <fullUrl value="https://www.ehealth.fgov.be/standards/fhir/medication/ValueSet/medication-exposure-category-vs"/>
    <resource>
      <ValueSet>
        <text>
          <status value="generated"/>
          <div xmlns="http://www.w3.org/1999/xhtml">
            <p class="res-header-id">
              <b>Generated Narrative: ValueSet </b>
            </p>
            <p style="border: black 1px dotted; background-color: #EEEEEE; padding: 8px; margin-bottom: 8px">Expansion based on SNOMED CT International edition 01-Aug 2024</p>
            <p>This value set contains 2 concepts</p>
            <table class="codes">
              <tr>
                <td style="white-space:nowrap">
                  <b>Code</b>
                </td>
                <td>
                  <b>System</b>
                </td>
                <td>
                  <b>Display</b>
                </td>
              </tr>
              <tr>
                <td style="white-space:nowrap">
                  <a name="x-http://snomed.info/sct-360271000"> </a>  
                  <a href="http://snomed.info/id/360271000">360271000</a>
                </td>
                <td>http://snomed.info/sct</td>
                <td>Prophylaxis - intent</td>
              </tr>
              <tr>
                <td style="white-space:nowrap">
                  <a name="x-http://snomed.info/sct-360270004"> </a>  
                  <a href="http://snomed.info/id/360270004">360270004</a>
                </td>
                <td>http://snomed.info/sct</td>
                <td>Therapy - action</td>
              </tr>
            </table>
          </div>
        </text>
        <url value="https://www.ehealth.fgov.be/standards/fhir/medication/ValueSet/medication-exposure-category-vs"/>
        <version value="1.1.0"/>
        <name value="MedicationExposureCategoryVS"/>
        <title value="Medication exposure intent"/>
        <status value="draft"/>
        <experimental value="false"/>
        <date value="2024-11-18T05:03:15+00:00"/>
        <jurisdiction>
          <coding>
            <system value="urn:iso:std:iso:3166"/>
            <code value="BE"/>
            <display value="Belgium"/>
          </coding>
        </jurisdiction>
        <expansion>
          <identifier value="urn:uuid:d1402930-ea9a-4bac-9d8a-d31f5db48756"/>
          <timestamp value="2024-11-18T05:04:11+00:00"/>
          <total value="2"/>
          <offset value="0"/>
          <parameter>
            <name value="count"/>
            <valueInteger value="1000"/>
          </parameter>
          <parameter>
            <name value="offset"/>
            <valueInteger value="0"/>
          </parameter>
          <parameter>
            <name value="excludeNested"/>
            <valueBoolean value="false"/>
          </parameter>
          <parameter>
            <name value="used-valueset"/>
            <valueUri value="null"/>
          </parameter>
          <parameter>
            <name value="used-codesystem"/>
            <valueUri value="http://snomed.info/sct|http://snomed.info/sct/900000000000207008/version/20240801"/>
          </parameter>
          <parameter>
            <name value="version"/>
            <valueUri value="http://snomed.info/sct|http://snomed.info/sct/900000000000207008/version/20240801"/>
          </parameter>
          <contains>
            <system value="http://snomed.info/sct"/>
            <code value="360271000"/>
            <display value="Prophylaxis - intent"/>
          </contains>
          <contains>
            <system value="http://snomed.info/sct"/>
            <code value="360270004"/>
            <display value="Therapy - action"/>
          </contains>
        </expansion>
      </ValueSet>
    </resource>
  </entry>
  <entry>
    <fullUrl value="https://www.ehealth.fgov.be/standards/fhir/medication/ValueSet/medication-line-origin-type-vs"/>
    <resource>
      <ValueSet>
        <text>
          <status value="generated"/>
          <div xmlns="http://www.w3.org/1999/xhtml">
            <p class="res-header-id">
              <b>Generated Narrative: ValueSet </b>
            </p>
            <p style="border: black 1px dotted; background-color: #EEEEEE; padding: 8px; margin-bottom: 8px">Expansion based on 
              <a href="CodeSystem-medication-line-origin-type.html">codesystem Medication origin type v1.1.0 (CodeSystem)</a>
            </p>
            <p>This value set contains 2 concepts</p>
            <table class="codes">
              <tr>
                <td style="white-space:nowrap">
                  <b>Code</b>
                </td>
                <td>
                  <b>System</b>
                </td>
                <td>
                  <b>Display</b>
                </td>
              </tr>
              <tr>
                <td style="white-space:nowrap">
                  <a name="x-https://www.ehealth.fgov.be/standards/fhir/medication/CodeSystem/medication-line-origin-type-ambulatory"> </a>  
                  <a href="CodeSystem-medication-line-origin-type.html#medication-line-origin-type-ambulatory">ambulatory</a>
                </td>
                <td>https://www.ehealth.fgov.be/standards/fhir/medication/CodeSystem/medication-line-origin-type</td>
                <td>Ambulatory</td>
              </tr>
              <tr>
                <td style="white-space:nowrap">
                  <a name="x-https://www.ehealth.fgov.be/standards/fhir/medication/CodeSystem/medication-line-origin-type-hospital"> </a>  
                  <a href="CodeSystem-medication-line-origin-type.html#medication-line-origin-type-hospital">hospital</a>
                </td>
                <td>https://www.ehealth.fgov.be/standards/fhir/medication/CodeSystem/medication-line-origin-type</td>
                <td>Hospital</td>
              </tr>
            </table>
          </div>
        </text>
        <url value="https://www.ehealth.fgov.be/standards/fhir/medication/ValueSet/medication-line-origin-type-vs"/>
        <version value="1.1.0"/>
        <name value="MedicationLineOrigintypeVS"/>
        <title value="Medication origin type ValueSet"/>
        <status value="active"/>
        <experimental value="false"/>
        <date value="2024-11-18T05:03:15+00:00"/>
        <jurisdiction>
          <coding>
            <system value="urn:iso:std:iso:3166"/>
            <code value="BE"/>
            <display value="Belgium"/>
          </coding>
        </jurisdiction>
        <expansion>
          <identifier value="urn:uuid:7e119901-a665-4f5f-a74f-ff3b944c91e6"/>
          <timestamp value="2024-11-18T05:04:11+00:00"/>
          <total value="2"/>
          <offset value="0"/>
          <parameter>
            <name value="count"/>
            <valueInteger value="1000"/>
          </parameter>
          <parameter>
            <name value="offset"/>
            <valueInteger value="0"/>
          </parameter>
          <parameter>
            <name value="excludeNested"/>
            <valueBoolean value="false"/>
          </parameter>
          <parameter>
            <name value="used-codesystem"/>
            <valueUri value="https://www.ehealth.fgov.be/standards/fhir/medication/CodeSystem/medication-line-origin-type|1.1.0"/>
          </parameter>
          <contains>
            <system value="https://www.ehealth.fgov.be/standards/fhir/medication/CodeSystem/medication-line-origin-type"/>
            <code value="ambulatory"/>
            <display value="Ambulatory"/>
          </contains>
          <contains>
            <system value="https://www.ehealth.fgov.be/standards/fhir/medication/CodeSystem/medication-line-origin-type"/>
            <code value="hospital"/>
            <display value="Hospital"/>
          </contains>
        </expansion>
      </ValueSet>
    </resource>
  </entry>
  <entry>
    <fullUrl value="https://www.ehealth.fgov.be/standards/fhir/medication/ValueSet/medication-type-vs"/>
    <resource>
      <ValueSet>
        <text>
          <status value="generated"/>
          <div xmlns="http://www.w3.org/1999/xhtml">
            <p class="res-header-id">
              <b>Generated Narrative: ValueSet </b>
            </p>
            <p style="border: black 1px dotted; background-color: #EEEEEE; padding: 8px; margin-bottom: 8px">Expansion based on 
              <a href="CodeSystem-medication-type.html">codesystem Medication preparation Type v1.1.0 (CodeSystem)</a>
            </p>
            <p>This value set contains 4 concepts</p>
            <table class="codes">
              <tr>
                <td style="white-space:nowrap">
                  <b>Code</b>
                </td>
                <td>
                  <b>System</b>
                </td>
                <td>
                  <b>Display</b>
                </td>
              </tr>
              <tr>
                <td style="white-space:nowrap">
                  <a name="x-https://www.ehealth.fgov.be/standards/fhir/medication/CodeSystem/medication-type-magistral"> </a>  
                  <a href="CodeSystem-medication-type.html#medication-type-magistral">magistral</a>
                </td>
                <td>https://www.ehealth.fgov.be/standards/fhir/medication/CodeSystem/medication-type</td>
                <td>Magistral preparation</td>
              </tr>
              <tr>
                <td style="white-space:nowrap">
                  <a name="x-https://www.ehealth.fgov.be/standards/fhir/medication/CodeSystem/medication-type-officinal"> </a>  
                  <a href="CodeSystem-medication-type.html#medication-type-officinal">officinal</a>
                </td>
                <td>https://www.ehealth.fgov.be/standards/fhir/medication/CodeSystem/medication-type</td>
                <td>Officinal preparation</td>
              </tr>
              <tr>
                <td style="white-space:nowrap">
                  <a name="x-https://www.ehealth.fgov.be/standards/fhir/medication/CodeSystem/medication-type-medicinal-product"> </a>  
                  <a href="CodeSystem-medication-type.html#medication-type-medicinal-product">medicinal-product</a>
                </td>
                <td>https://www.ehealth.fgov.be/standards/fhir/medication/CodeSystem/medication-type</td>
                <td>Medicinal Product</td>
              </tr>
              <tr>
                <td style="white-space:nowrap">
                  <a name="x-https://www.ehealth.fgov.be/standards/fhir/medication/CodeSystem/medication-type-non-medicinal-product"> </a>  
                  <a href="CodeSystem-medication-type.html#medication-type-non-medicinal-product">non-medicinal-product</a>
                </td>
                <td>https://www.ehealth.fgov.be/standards/fhir/medication/CodeSystem/medication-type</td>
                <td>non-medicinal product e.g. supplement</td>
              </tr>
            </table>
          </div>
        </text>
        <url value="https://www.ehealth.fgov.be/standards/fhir/medication/ValueSet/medication-type-vs"/>
        <version value="1.1.0"/>
        <name value="BEMLMedicationTypeVS"/>
        <title value="Medication preparation Type value set"/>
        <status value="draft"/>
        <experimental value="false"/>
        <date value="2024-11-18T05:03:15+00:00"/>
        <jurisdiction>
          <coding>
            <system value="urn:iso:std:iso:3166"/>
            <code value="BE"/>
            <display value="Belgium"/>
          </coding>
        </jurisdiction>
        <expansion>
          <identifier value="urn:uuid:7dde61a6-b8d2-4dc6-a076-d77d67bf3a05"/>
          <timestamp value="2024-11-18T05:04:11+00:00"/>
          <total value="4"/>
          <offset value="0"/>
          <parameter>
            <name value="count"/>
            <valueInteger value="1000"/>
          </parameter>
          <parameter>
            <name value="offset"/>
            <valueInteger value="0"/>
          </parameter>
          <parameter>
            <name value="excludeNested"/>
            <valueBoolean value="false"/>
          </parameter>
          <parameter>
            <name value="used-codesystem"/>
            <valueUri value="https://www.ehealth.fgov.be/standards/fhir/medication/CodeSystem/medication-type|1.1.0"/>
          </parameter>
          <contains>
            <system value="https://www.ehealth.fgov.be/standards/fhir/medication/CodeSystem/medication-type"/>
            <code value="magistral"/>
            <display value="Magistral preparation"/>
          </contains>
          <contains>
            <system value="https://www.ehealth.fgov.be/standards/fhir/medication/CodeSystem/medication-type"/>
            <code value="officinal"/>
            <display value="Officinal preparation"/>
          </contains>
          <contains>
            <system value="https://www.ehealth.fgov.be/standards/fhir/medication/CodeSystem/medication-type"/>
            <code value="medicinal-product"/>
            <display value="Medicinal Product"/>
          </contains>
          <contains>
            <system value="https://www.ehealth.fgov.be/standards/fhir/medication/CodeSystem/medication-type"/>
            <code value="non-medicinal-product"/>
            <display value="non-medicinal product e.g. supplement"/>
          </contains>
        </expansion>
      </ValueSet>
    </resource>
  </entry>
</Bundle>