{
  "resourceType" : "MedicationDispense",
  "id" : "example-dispense-hospital",
  "meta" : {
    "versionId" : "1",
    "profile" : ["https://www.ehealth.fgov.be/standards/fhir/medication/StructureDefinition/be-medicationdispense"]
  },
  "language" : "nl-BE",
  "text" : {
    "status" : "generated",
    "div" : "<div xmlns=\"http://www.w3.org/1999/xhtml\" xml:lang=\"nl-BE\" lang=\"nl-BE\"><p><b>Generated Narrative: MedicationDispense </b><a name=\"example-dispense-hospital\"> </a><a name=\"hcexample-dispense-hospital\"> </a></p><div style=\"display: inline-block; background-color: #d9e0e7; padding: 6px; margin: 4px; border: 1px solid #8da1b4; border-radius: 5px; line-height: 60%\"><p style=\"margin-bottom: 0px\">ResourceMedicationDispense &quot;example-dispense-hospital&quot; Version&quot;1&quot;  (Language&quot;nl-BE&quot;) </p><p style=\"margin-bottom: 0px\">Profile: <a href=\"StructureDefinition-be-medicationdispense.html\">BeMedicationDispense</a></p></div><p><b>identifier</b>: dguid/1000321345</p><p><b>status</b>: completed</p><p><b>medication</b>: 2055218 <span style=\"background: LightGoldenRodYellow; margin: 4px; border: 1px solid khaki\"> (cnk-codes#2055218 &quot;null&quot;)</span></p><p><b>subject</b>: <span><code>https://www.ehealth.fgov.be/standards/fhir/NamingSystem/ssin</code>/64110219106</span></p><h3>Performers</h3><table class=\"grid\"><tr><td style=\"display: none\">-</td><td><b>Actor</b></td></tr><tr><td style=\"display: none\">*</td><td><span><code>https://www.ehealth.fgov.be/standards/fhir/NamingSystem/nihdi-organization</code>/123123123</span></td></tr></table><p><b>authorizingPrescription</b>: <span>: Prescription</span></p><p><b>quantity</b>: 1 package<span style=\"background: LightGoldenRodYellow\"> (Details: UCUM  code1 = '1')</span></p><p><b>whenHandedOver</b>: 2020-09-21 13:00:00+0200</p><h3>DosageInstructions</h3><table class=\"grid\"><tr><td style=\"display: none\">-</td><td><b>Text</b></td><td><b>Timing</b></td></tr><tr><td style=\"display: none\">*</td><td>3 x a day</td><td>3 per1 days</td></tr></table></div>"
  },
  "identifier" : [{
    "type" : {
      "coding" : [{
        "system" : "https://www.nexuzhealth.be/fhir/prescription/ambulatory",
        "version" : "1",
        "code" : "dguid"
      }]
    },
    "system" : "https://www.gfd-dpp.be/fhir/reference/dguid",
    "value" : "1000321345"
  }],
  "status" : "completed",
  "medicationCodeableConcept" : {
    "coding" : [{
      "system" : "https://www.ehealth.fgov.be/standards/fhir/medication/NamingSystem/cnk-codes",
      "code" : "2055218",
      "_display" : {
        "extension" : [{
          "extension" : [{
            "url" : "lang",
            "valueCode" : "nl-BE"
          },
          {
            "url" : "content",
            "valueString" : "Crestor filmomh. tabl. 100x 10mg"
          }],
          "url" : "http://hl7.org/fhir/StructureDefinition/translation"
        }]
      }
    }]
  },
  "subject" : {
    "identifier" : {
      "system" : "https://www.ehealth.fgov.be/standards/fhir/NamingSystem/ssin",
      "value" : "64110219106"
    }
  },
  "performer" : [{
    "actor" : {
      "identifier" : {
        "system" : "https://www.ehealth.fgov.be/standards/fhir/NamingSystem/nihdi-organization",
        "value" : "123123123"
      }
    }
  }],
  "authorizingPrescription" : [{
    "identifier" : {
      "system" : "https://www.ehealth.fgov.be/standards/fhir/NamingSystem/prescription-id",
      "value" : "BEP1TSRY1XGE"
    },
    "display" : "Prescription"
  }],
  "quantity" : {
    "value" : 1,
    "unit" : "package",
    "system" : "http://unitsofmeasure.org",
    "code" : "1"
  },
  "whenHandedOver" : "2020-09-21T13:00:00+02:00",
  "dosageInstruction" : [{
    "text" : "3 x a day",
    "_text" : {
      "extension" : [{
        "extension" : [{
          "url" : "lang",
          "valueCode" : "nl-BE"
        },
        {
          "url" : "content",
          "valueString" : "3 x per dag"
        }],
        "url" : "http://hl7.org/fhir/StructureDefinition/translation"
      },
      {
        "extension" : [{
          "url" : "lang",
          "valueCode" : "fr-BE"
        },
        {
          "url" : "content",
          "valueString" : "3 x par jour"
        }],
        "url" : "http://hl7.org/fhir/StructureDefinition/translation"
      }]
    },
    "timing" : {
      "repeat" : {
        "frequency" : 3,
        "period" : 1,
        "periodUnit" : "d"
      }
    }
  }]
}