<?xml version="1.0" encoding="UTF-8"?><CodeSystem xmlns="http://hl7.org/fhir"><id value="medication-request-reimbursement-type"/><text><status value="generated"/><div xmlns="http://www.w3.org/1999/xhtml"><p class="res-header-id"><b>Generated Narrative: CodeSystem medication-request-reimbursement-type</b></p><a name="medication-request-reimbursement-type"> </a><a name="hcmedication-request-reimbursement-type"> </a><a name="medication-request-reimbursement-type-en-US"> </a><p>This case-sensitive code system <code>https://www.ehealth.fgov.be/standards/fhir/medication/CodeSystem/medication-request-reimbursement-type</code> defines the following codes:</p><table class="codes"><tr><td style="white-space:nowrap"><b>Code</b></td><td><b>Display</b></td></tr><tr><td style="white-space:nowrap">third-party-payer-applicable<a name="medication-request-reimbursement-type-third-party-payer-applicable"> </a></td><td>Third-party payer applicable</td></tr><tr><td style="white-space:nowrap">first-dose<a name="medication-request-reimbursement-type-first-dose"> </a></td><td>First dose</td></tr><tr><td style="white-space:nowrap">second-dose<a name="medication-request-reimbursement-type-second-dose"> </a></td><td>Second dose + [date of the first dose]</td></tr><tr><td style="white-space:nowrap">third-dose<a name="medication-request-reimbursement-type-third-dose"> </a></td><td>Third dose + [date of the first and second dose]</td></tr><tr><td style="white-space:nowrap">chronic-renal-failure-pathway<a name="medication-request-reimbursement-type-chronic-renal-failure-pathway"> </a></td><td>Care pathway chronic renal failure</td></tr><tr><td style="white-space:nowrap">diabetes-care-pathway<a name="medication-request-reimbursement-type-diabetes-care-pathway"> </a></td><td>Care pathway diabetes</td></tr><tr><td style="white-space:nowrap">diabetes-convention<a name="medication-request-reimbursement-type-diabetes-convention"> </a></td><td>Diabetes convention</td></tr><tr><td style="white-space:nowrap">non-reimbursable<a name="medication-request-reimbursement-type-non-reimbursable"> </a></td><td>Non-reimbursable</td></tr><tr><td style="white-space:nowrap">startup-pathway-type-2-diabetes<a name="medication-request-reimbursement-type-startup-pathway-type-2-diabetes"> </a></td><td>Start-up pathway type 2 diabetes</td></tr></table><p><b>Additional Language Displays</b></p><table class="codes"><tr><td><b>Code</b></td><td><b>French (Belgium) (fr)</b></td><td><b>Nederlands (België) (Dutch (Belgium), nl)</b></td></tr><tr><td>third-party-payer-applicable</td><td>Tiers-payant applicable</td><td>Derdebetalersregeling van toepassing</td></tr><tr><td>first-dose</td><td>1ère dose</td><td>1ste toediening</td></tr><tr><td>second-dose</td><td>2ème dose + [date de la 1ère dose]</td><td>2de toediening + [datum 1ste toediening]</td></tr><tr><td>third-dose</td><td>3ème dose + [date de la 1ère et 2ème dose]</td><td>3de toediening + [datum 1ste en 2de toediening]</td></tr><tr><td>chronic-renal-failure-pathway</td><td>Trajet de soins insuffisance rénale chronique</td><td>Zorgtraject chronische nierinsufficiëntie</td></tr><tr><td>diabetes-care-pathway</td><td>Trajet de soins diabète</td><td>Zorgtraject diabetes</td></tr><tr><td>diabetes-convention</td><td>Convention diabète</td><td>Diabetesconventie</td></tr><tr><td>non-reimbursable</td><td>Non remboursable</td><td>Niet-vergoedbaar</td></tr><tr><td>startup-pathway-type-2-diabetes</td><td>Trajet de démarrage diabète type 2</td><td>Opstarttraject diabetes type 2</td></tr></table></div></text><url value="https://www.ehealth.fgov.be/standards/fhir/medication/CodeSystem/medication-request-reimbursement-type"/><version value="1.1.0"/><name value="MedicationRequestReimbursementType"/><title value="Medication request reimbursement type"/><status value="draft"/><experimental value="false"/><date value="2024-10-22T10:07:22+00:00"/><publisher value="HL7 Belgium"/><contact><name value="HL7 Belgium"/><telecom><system value="url"/><value value="https://www.hl7belgium.org"/></telecom><telecom><system value="email"/><value value="hl7belgium@hl7belgium.org"/></telecom></contact><contact><name value="Message Structure eHealth"/><telecom><system value="email"/><value value="message-structure@ehealth.fgov.be"/><use value="work"/></telecom></contact><description value="Medication request reimbursement type - instructions for reimbursement of the medication request"/><jurisdiction><coding><system value="urn:iso:std:iso:3166"/><code value="BE"/><display value="Belgium"/></coding></jurisdiction><caseSensitive value="true"/><content value="complete"/><count value="9"/><concept><code value="third-party-payer-applicable"/><display value="Third-party payer applicable"/><designation><language value="fr-BE"/><value value="Tiers-payant applicable"/></designation><designation><language value="nl-BE"/><value value="Derdebetalersregeling van toepassing"/></designation></concept><concept><code value="first-dose"/><display value="First dose"/><designation><language value="fr-BE"/><value value="1ère dose"/></designation><designation><language value="nl-BE"/><value value="1ste toediening"/></designation></concept><concept><code value="second-dose"/><display value="Second dose + [date of the first dose]"/><designation><language value="fr-BE"/><value value="2ème dose + [date de la 1ère dose]"/></designation><designation><language value="nl-BE"/><value value="2de toediening + [datum 1ste toediening]"/></designation></concept><concept><code value="third-dose"/><display value="Third dose + [date of the first and second dose]"/><designation><language value="fr-BE"/><value value="3ème dose + [date de la 1ère et 2ème dose]"/></designation><designation><language value="nl-BE"/><value value="3de toediening + [datum 1ste en 2de toediening]"/></designation></concept><concept><code value="chronic-renal-failure-pathway"/><display value="Care pathway chronic renal failure"/><designation><language value="fr-BE"/><value value="Trajet de soins insuffisance rénale chronique"/></designation><designation><language value="nl-BE"/><value value="Zorgtraject chronische nierinsufficiëntie"/></designation></concept><concept><code value="diabetes-care-pathway"/><display value="Care pathway diabetes"/><designation><language value="fr-BE"/><value value="Trajet de soins diabète"/></designation><designation><language value="nl-BE"/><value value="Zorgtraject diabetes"/></designation></concept><concept><code value="diabetes-convention"/><display value="Diabetes convention"/><designation><language value="fr-BE"/><value value="Convention diabète"/></designation><designation><language value="nl-BE"/><value value="Diabetesconventie"/></designation></concept><concept><code value="non-reimbursable"/><display value="Non-reimbursable"/><designation><language value="fr-BE"/><value value="Non remboursable"/></designation><designation><language value="nl-BE"/><value value="Niet-vergoedbaar"/></designation></concept><concept><code value="startup-pathway-type-2-diabetes"/><display value="Start-up pathway type 2 diabetes"/><designation><language value="fr-BE"/><value value="Trajet de démarrage diabète type 2"/></designation><designation><language value="nl-BE"/><value value="Opstarttraject diabetes type 2"/></designation></concept></CodeSystem>