<?xml version="1.0" encoding="UTF-8"?><ValueSet xmlns="http://hl7.org/fhir"><id value="medication-request-reimbursement-type"/><text><status value="generated"/><div xmlns="http://www.w3.org/1999/xhtml"><p class="res-header-id"><b>Generated Narrative: ValueSet medication-request-reimbursement-type</b></p><a name="medication-request-reimbursement-type"> </a><a name="hcmedication-request-reimbursement-type"> </a><a name="medication-request-reimbursement-type-en-US"> </a><ul><li>Include all codes defined in <a href="CodeSystem-medication-request-reimbursement-type.html"><code>https://www.ehealth.fgov.be/standards/fhir/medication/CodeSystem/medication-request-reimbursement-type</code></a></li></ul></div></text><url value="https://www.ehealth.fgov.be/standards/fhir/medication/ValueSet/medication-request-reimbursement-type"/><version value="1.1.0"/><name value="MedicationRequestReimbursementTypeVS"/><title value="Medication request reimbursement type ValueSet"/><status value="draft"/><experimental value="false"/><date value="2024-10-22T10:07:22+00:00"/><publisher value="HL7 Belgium"/><contact><name value="HL7 Belgium"/><telecom><system value="url"/><value value="https://www.hl7belgium.org"/></telecom><telecom><system value="email"/><value value="hl7belgium@hl7belgium.org"/></telecom></contact><contact><name value="Message Structure eHealth"/><telecom><system value="email"/><value value="message-structure@ehealth.fgov.be"/><use value="work"/></telecom></contact><description value="Medication request reimbursement type - instructions for reimbursement of the medication request"/><jurisdiction><coding><system value="urn:iso:std:iso:3166"/><code value="BE"/><display value="Belgium"/></coding></jurisdiction><compose><include><system value="https://www.ehealth.fgov.be/standards/fhir/medication/CodeSystem/medication-request-reimbursement-type"/></include></compose></ValueSet>