{
  "resourceType" : "ValueSet",
  "id" : "d14c3d0e-b4fe-4f9b-a0aa-305c36f103bb-18",
  "url" : "http://hl7.org/fhir/comparison/ValueSet/d14c3d0e-b4fe-4f9b-a0aa-305c36f103bb-18",
  "name" : "IntersectionDispenserTypesAndDispenserTypes",
  "title" : "Intersection of Dispenser Types And Dispenser Types",
  "status" : "active",
  "date" : "2024-04-07T13:20:16+00:00",
  "jurisdiction" : [{
    "coding" : [{
      "system" : "urn:iso:std:iso:3166",
      "code" : "BE",
      "display" : "Belgium"
    }]
  }],
  "compose" : {
    "include" : [{
      "concept" : [{
        "code" : "deptpharmacy"
      },
      {
        "code" : "perspharmacist"
      },
      {
        "code" : "orgpharmacy"
      },
      {
        "code" : "perspharmacyassistant"
      },
      {
        "code" : "perspharmacistclinicalbiologist"
      },
      {
        "code" : "persdentist"
      },
      {
        "code" : "deptdentistry"
      }]
    }]
  }
}