<?xml version="1.0" encoding="UTF-8"?><NamingSystem xmlns="http://hl7.org/fhir"><id value="be-ns-prescription-ids"/><text><status value="generated"/><div xmlns="http://www.w3.org/1999/xhtml"><p class="res-header-id"><b>Generated Narrative: NamingSystem be-ns-prescription-ids</b></p><a name="be-ns-prescription-ids"> </a><a name="hcbe-ns-prescription-ids"> </a><a name="be-ns-prescription-ids-en-US"> </a><h3>Summary</h3><table class="grid"><tr><td>Defining URL</td><td>https://www.ehealth.fgov.be/standards/fhir/medication/NamingSystem/be-ns-prescription-ids</td></tr><tr><td>Version</td><td>1.1.0</td></tr><tr><td>Name</td><td>BeNSPrescriptions</td></tr><tr><td>Status</td><td>active</td></tr><tr><td>Definition</td><td><div><p>Naming System - Prescription IDs</p>
</div></td></tr><tr><td>Publisher</td><td>HL7 Belgium</td></tr></table><h3>Identifiers</h3><table class="grid"><tr><td><b>Type</b></td><td><b>Value</b></td><td><b>Preferred</b></td></tr><tr><td>URI</td><td>https://www.ehealth.fgov.be/standards/fhir/medication/NamingSystem/prescription-id</td><td>true</td></tr></table></div></text><extension url="http://hl7.org/fhir/5.0/StructureDefinition/extension-NamingSystem.url"><valueUri value="https://www.ehealth.fgov.be/standards/fhir/medication/NamingSystem/be-ns-prescription-ids"/></extension><extension url="http://hl7.org/fhir/5.0/StructureDefinition/extension-NamingSystem.version"><valueString value="1.1.0"/></extension><name value="BeNSPrescriptions"/><status value="active"/><kind value="identifier"/><date value="2020-07-24"/><publisher value="HL7 Belgium"/><contact><name value="HL7 Belgium"/><telecom><system value="url"/><value value="https://www.hl7belgium.org"/></telecom><telecom><system value="email"/><value value="hl7belgium@hl7belgium.org"/></telecom></contact><contact><name value="Message Structure eHealth"/><telecom><system value="email"/><value value="message-structure@ehealth.fgov.be"/><use value="work"/></telecom></contact><description value="Naming System - Prescription IDs"/><jurisdiction><coding><system value="urn:iso:std:iso:3166"/><code value="BE"/><display value="Belgium"/></coding></jurisdiction><uniqueId><type value="uri"/><value value="https://www.ehealth.fgov.be/standards/fhir/medication/NamingSystem/prescription-id"/><preferred value="true"/></uniqueId></NamingSystem>