{
  "resourceType" : "Bundle",
  "id" : "2abeac5e-7eb7-474b-ba23-7f0a47c9e7f3",
  "meta" : {
    "lastUpdated" : "2024-10-22T10:07:22.141+00:00"
  },
  "type" : "collection",
  "entry" : [{
    "fullUrl" : "https://www.ehealth.fgov.be/standards/fhir/medication/ValueSet/be-vs-dispenser-types",
    "resource" : {
      "resourceType" : "ValueSet",
      "text" : {
        "status" : "generated",
        "div" : "<div xmlns=\"http://www.w3.org/1999/xhtml\"><p class=\"res-header-id\"><b>Generated Narrative: ValueSet </b></p><p style=\"border: black 1px dotted; background-color: #EEEEEE; padding: 8px; margin-bottom: 8px\">Expansion based on <a href=\"https://www.ehealth.fgov.be/standards/fhir/core/2.1.2/CodeSystem-cd-hcparty.html\">codesystem BeCdHcParty v2.1.2 (CodeSystem)</a></p><p>This value set contains 7 concepts</p><table class=\"codes\"><tr><td style=\"white-space:nowrap\"><b>Code</b></td><td><b>System</b></td><td><b>Display</b></td></tr><tr><td style=\"white-space:nowrap\"><a name=\"x-https://www.ehealth.fgov.be/standards/fhir/core/CodeSystem/cd-hcparty-deptpharmacy\"> </a>\u00a0\u00a0<a href=\"https://www.ehealth.fgov.be/standards/fhir/core/2.1.2/CodeSystem-cd-hcparty.html#cd-hcparty-deptpharmacy\">deptpharmacy</a></td><td>https://www.ehealth.fgov.be/standards/fhir/core/CodeSystem/cd-hcparty</td><td>pharmacy service or department within an organisation</td></tr><tr><td style=\"white-space:nowrap\"><a name=\"x-https://www.ehealth.fgov.be/standards/fhir/core/CodeSystem/cd-hcparty-perspharmacist\"> </a>\u00a0\u00a0<a href=\"https://www.ehealth.fgov.be/standards/fhir/core/2.1.2/CodeSystem-cd-hcparty.html#cd-hcparty-perspharmacist\">perspharmacist</a></td><td>https://www.ehealth.fgov.be/standards/fhir/core/CodeSystem/cd-hcparty</td><td>pharmacist</td></tr><tr><td style=\"white-space:nowrap\"><a name=\"x-https://www.ehealth.fgov.be/standards/fhir/core/CodeSystem/cd-hcparty-orgpharmacy\"> </a>\u00a0\u00a0<a href=\"https://www.ehealth.fgov.be/standards/fhir/core/2.1.2/CodeSystem-cd-hcparty.html#cd-hcparty-orgpharmacy\">orgpharmacy</a></td><td>https://www.ehealth.fgov.be/standards/fhir/core/CodeSystem/cd-hcparty</td><td>independent pharmacy</td></tr><tr><td style=\"white-space:nowrap\"><a name=\"x-https://www.ehealth.fgov.be/standards/fhir/core/CodeSystem/cd-hcparty-perspharmacyassistant\"> </a>\u00a0\u00a0<a href=\"https://www.ehealth.fgov.be/standards/fhir/core/2.1.2/CodeSystem-cd-hcparty.html#cd-hcparty-perspharmacyassistant\">perspharmacyassistant</a></td><td>https://www.ehealth.fgov.be/standards/fhir/core/CodeSystem/cd-hcparty</td><td>pharmacy assistant</td></tr><tr><td style=\"white-space:nowrap\"><a name=\"x-https://www.ehealth.fgov.be/standards/fhir/core/CodeSystem/cd-hcparty-perspharmacistclinicalbiologist\"> </a>\u00a0\u00a0<a href=\"https://www.ehealth.fgov.be/standards/fhir/core/2.1.2/CodeSystem-cd-hcparty.html#cd-hcparty-perspharmacistclinicalbiologist\">perspharmacistclinicalbiologist</a></td><td>https://www.ehealth.fgov.be/standards/fhir/core/CodeSystem/cd-hcparty</td><td>pharmacist-clinical biologist</td></tr><tr><td style=\"white-space:nowrap\"><a name=\"x-https://www.ehealth.fgov.be/standards/fhir/core/CodeSystem/cd-hcparty-persdentist\"> </a>\u00a0\u00a0<a href=\"https://www.ehealth.fgov.be/standards/fhir/core/2.1.2/CodeSystem-cd-hcparty.html#cd-hcparty-persdentist\">persdentist</a></td><td>https://www.ehealth.fgov.be/standards/fhir/core/CodeSystem/cd-hcparty</td><td>dentist</td></tr><tr><td style=\"white-space:nowrap\"><a name=\"x-https://www.ehealth.fgov.be/standards/fhir/core/CodeSystem/cd-hcparty-deptdentistry\"> </a>\u00a0\u00a0<a href=\"https://www.ehealth.fgov.be/standards/fhir/core/2.1.2/CodeSystem-cd-hcparty.html#cd-hcparty-deptdentistry\">deptdentistry</a></td><td>https://www.ehealth.fgov.be/standards/fhir/core/CodeSystem/cd-hcparty</td><td>dentistry</td></tr></table></div>"
      },
      "url" : "https://www.ehealth.fgov.be/standards/fhir/medication/ValueSet/be-vs-dispenser-types",
      "version" : "1.1.0",
      "name" : "DispenserTypes",
      "title" : "Dispenser Types",
      "status" : "draft",
      "experimental" : false,
      "date" : "2024-10-22T10:07:22+00:00",
      "jurisdiction" : [{
        "coding" : [{
          "system" : "urn:iso:std:iso:3166",
          "code" : "BE",
          "display" : "Belgium"
        }]
      }],
      "expansion" : {
        "identifier" : "urn:uuid:04522151-204d-497e-b6c0-675ee77478e3",
        "timestamp" : "2024-10-22T10:08:18+00:00",
        "total" : 7,
        "offset" : 0,
        "parameter" : [{
          "name" : "count",
          "valueInteger" : 1000
        },
        {
          "name" : "offset",
          "valueInteger" : 0
        },
        {
          "name" : "excludeNested",
          "valueBoolean" : false
        },
        {
          "name" : "used-codesystem",
          "valueUri" : "https://www.ehealth.fgov.be/standards/fhir/core/CodeSystem/cd-hcparty|2.1.2"
        }],
        "contains" : [{
          "system" : "https://www.ehealth.fgov.be/standards/fhir/core/CodeSystem/cd-hcparty",
          "code" : "deptpharmacy",
          "display" : "pharmacy service or department within an organisation"
        },
        {
          "system" : "https://www.ehealth.fgov.be/standards/fhir/core/CodeSystem/cd-hcparty",
          "code" : "perspharmacist",
          "display" : "pharmacist"
        },
        {
          "system" : "https://www.ehealth.fgov.be/standards/fhir/core/CodeSystem/cd-hcparty",
          "code" : "orgpharmacy",
          "display" : "independent pharmacy"
        },
        {
          "system" : "https://www.ehealth.fgov.be/standards/fhir/core/CodeSystem/cd-hcparty",
          "code" : "perspharmacyassistant",
          "display" : "pharmacy assistant"
        },
        {
          "system" : "https://www.ehealth.fgov.be/standards/fhir/core/CodeSystem/cd-hcparty",
          "code" : "perspharmacistclinicalbiologist",
          "display" : "pharmacist-clinical biologist"
        },
        {
          "system" : "https://www.ehealth.fgov.be/standards/fhir/core/CodeSystem/cd-hcparty",
          "code" : "persdentist",
          "display" : "dentist"
        },
        {
          "system" : "https://www.ehealth.fgov.be/standards/fhir/core/CodeSystem/cd-hcparty",
          "code" : "deptdentistry",
          "display" : "dentistry"
        }]
      }
    }
  },
  {
    "fullUrl" : "https://www.ehealth.fgov.be/standards/fhir/medication/ValueSet/medication-exposure-category-vs",
    "resource" : {
      "resourceType" : "ValueSet",
      "text" : {
        "status" : "generated",
        "div" : "<div xmlns=\"http://www.w3.org/1999/xhtml\"><p class=\"res-header-id\"><b>Generated Narrative: ValueSet </b></p><p style=\"border: black 1px dotted; background-color: #EEEEEE; padding: 8px; margin-bottom: 8px\">Expansion based on SNOMED CT International edition 01-Aug 2024</p><p>This value set contains 2 concepts</p><table class=\"codes\"><tr><td style=\"white-space:nowrap\"><b>Code</b></td><td><b>System</b></td><td><b>Display</b></td></tr><tr><td style=\"white-space:nowrap\"><a name=\"x-http://snomed.info/sct-360271000\"> </a>\u00a0\u00a0<a href=\"http://snomed.info/id/360271000\">360271000</a></td><td>http://snomed.info/sct</td><td>Prophylaxis - intent</td></tr><tr><td style=\"white-space:nowrap\"><a name=\"x-http://snomed.info/sct-360270004\"> </a>\u00a0\u00a0<a href=\"http://snomed.info/id/360270004\">360270004</a></td><td>http://snomed.info/sct</td><td>Therapy - action</td></tr></table></div>"
      },
      "url" : "https://www.ehealth.fgov.be/standards/fhir/medication/ValueSet/medication-exposure-category-vs",
      "version" : "1.1.0",
      "name" : "MedicationExposureCategoryVS",
      "title" : "Medication exposure intent",
      "status" : "draft",
      "experimental" : false,
      "date" : "2024-10-22T10:07:22+00:00",
      "jurisdiction" : [{
        "coding" : [{
          "system" : "urn:iso:std:iso:3166",
          "code" : "BE",
          "display" : "Belgium"
        }]
      }],
      "expansion" : {
        "identifier" : "urn:uuid:a1de8094-659a-4497-8ee6-52718f1bd922",
        "timestamp" : "2024-10-22T10:08:18+00:00",
        "total" : 2,
        "offset" : 0,
        "parameter" : [{
          "name" : "count",
          "valueInteger" : 1000
        },
        {
          "name" : "offset",
          "valueInteger" : 0
        },
        {
          "name" : "excludeNested",
          "valueBoolean" : false
        },
        {
          "name" : "used-valueset",
          "valueUri" : "null"
        },
        {
          "name" : "used-codesystem",
          "valueUri" : "http://snomed.info/sct|http://snomed.info/sct/900000000000207008/version/20240801"
        },
        {
          "name" : "version",
          "valueUri" : "http://snomed.info/sct|http://snomed.info/sct/900000000000207008/version/20240801"
        }],
        "contains" : [{
          "system" : "http://snomed.info/sct",
          "code" : "360271000",
          "display" : "Prophylaxis - intent"
        },
        {
          "system" : "http://snomed.info/sct",
          "code" : "360270004",
          "display" : "Therapy - action"
        }]
      }
    }
  },
  {
    "fullUrl" : "https://www.ehealth.fgov.be/standards/fhir/medication/ValueSet/medication-line-origin-type-vs",
    "resource" : {
      "resourceType" : "ValueSet",
      "text" : {
        "status" : "generated",
        "div" : "<div xmlns=\"http://www.w3.org/1999/xhtml\"><p class=\"res-header-id\"><b>Generated Narrative: ValueSet </b></p><p style=\"border: black 1px dotted; background-color: #EEEEEE; padding: 8px; margin-bottom: 8px\">Expansion based on <a href=\"CodeSystem-medication-line-origin-type.html\">codesystem Medication origin type v1.1.0 (CodeSystem)</a></p><p>This value set contains 2 concepts</p><table class=\"codes\"><tr><td style=\"white-space:nowrap\"><b>Code</b></td><td><b>System</b></td><td><b>Display</b></td></tr><tr><td style=\"white-space:nowrap\"><a name=\"x-https://www.ehealth.fgov.be/standards/fhir/medication/CodeSystem/medication-line-origin-type-ambulatory\"> </a>\u00a0\u00a0<a href=\"CodeSystem-medication-line-origin-type.html#medication-line-origin-type-ambulatory\">ambulatory</a></td><td>https://www.ehealth.fgov.be/standards/fhir/medication/CodeSystem/medication-line-origin-type</td><td>Ambulatory</td></tr><tr><td style=\"white-space:nowrap\"><a name=\"x-https://www.ehealth.fgov.be/standards/fhir/medication/CodeSystem/medication-line-origin-type-hospital\"> </a>\u00a0\u00a0<a href=\"CodeSystem-medication-line-origin-type.html#medication-line-origin-type-hospital\">hospital</a></td><td>https://www.ehealth.fgov.be/standards/fhir/medication/CodeSystem/medication-line-origin-type</td><td>Hospital</td></tr></table></div>"
      },
      "url" : "https://www.ehealth.fgov.be/standards/fhir/medication/ValueSet/medication-line-origin-type-vs",
      "version" : "1.1.0",
      "name" : "MedicationLineOrigintypeVS",
      "title" : "Medication origin type ValueSet",
      "status" : "active",
      "experimental" : false,
      "date" : "2024-10-22T10:07:22+00:00",
      "jurisdiction" : [{
        "coding" : [{
          "system" : "urn:iso:std:iso:3166",
          "code" : "BE",
          "display" : "Belgium"
        }]
      }],
      "expansion" : {
        "identifier" : "urn:uuid:0661ade4-bd69-4de7-92d6-6561d16b698b",
        "timestamp" : "2024-10-22T10:08:19+00:00",
        "total" : 2,
        "offset" : 0,
        "parameter" : [{
          "name" : "count",
          "valueInteger" : 1000
        },
        {
          "name" : "offset",
          "valueInteger" : 0
        },
        {
          "name" : "excludeNested",
          "valueBoolean" : false
        },
        {
          "name" : "used-codesystem",
          "valueUri" : "https://www.ehealth.fgov.be/standards/fhir/medication/CodeSystem/medication-line-origin-type|1.1.0"
        }],
        "contains" : [{
          "system" : "https://www.ehealth.fgov.be/standards/fhir/medication/CodeSystem/medication-line-origin-type",
          "code" : "ambulatory",
          "display" : "Ambulatory"
        },
        {
          "system" : "https://www.ehealth.fgov.be/standards/fhir/medication/CodeSystem/medication-line-origin-type",
          "code" : "hospital",
          "display" : "Hospital"
        }]
      }
    }
  },
  {
    "fullUrl" : "https://www.ehealth.fgov.be/standards/fhir/medication/ValueSet/medication-request-reimbursement-type",
    "resource" : {
      "resourceType" : "ValueSet",
      "text" : {
        "status" : "generated",
        "div" : "<div xmlns=\"http://www.w3.org/1999/xhtml\"><p class=\"res-header-id\"><b>Generated Narrative: ValueSet </b></p><p style=\"border: black 1px dotted; background-color: #EEEEEE; padding: 8px; margin-bottom: 8px\">Expansion based on <a href=\"CodeSystem-medication-request-reimbursement-type.html\">codesystem Medication request reimbursement type v1.1.0 (CodeSystem)</a></p><p>This value set contains 9 concepts</p><table class=\"codes\"><tr><td style=\"white-space:nowrap\"><b>Code</b></td><td><b>System</b></td><td><b>Display</b></td></tr><tr><td style=\"white-space:nowrap\"><a name=\"x-https://www.ehealth.fgov.be/standards/fhir/medication/CodeSystem/medication-request-reimbursement-type-third-party-payer-applicable\"> </a>\u00a0\u00a0<a href=\"CodeSystem-medication-request-reimbursement-type.html#medication-request-reimbursement-type-third-party-payer-applicable\">third-party-payer-applicable</a></td><td>https://www.ehealth.fgov.be/standards/fhir/medication/CodeSystem/medication-request-reimbursement-type</td><td>Third-party payer applicable</td></tr><tr><td style=\"white-space:nowrap\"><a name=\"x-https://www.ehealth.fgov.be/standards/fhir/medication/CodeSystem/medication-request-reimbursement-type-first-dose\"> </a>\u00a0\u00a0<a href=\"CodeSystem-medication-request-reimbursement-type.html#medication-request-reimbursement-type-first-dose\">first-dose</a></td><td>https://www.ehealth.fgov.be/standards/fhir/medication/CodeSystem/medication-request-reimbursement-type</td><td>First dose</td></tr><tr><td style=\"white-space:nowrap\"><a name=\"x-https://www.ehealth.fgov.be/standards/fhir/medication/CodeSystem/medication-request-reimbursement-type-second-dose\"> </a>\u00a0\u00a0<a href=\"CodeSystem-medication-request-reimbursement-type.html#medication-request-reimbursement-type-second-dose\">second-dose</a></td><td>https://www.ehealth.fgov.be/standards/fhir/medication/CodeSystem/medication-request-reimbursement-type</td><td>Second dose + [date of the first dose]</td></tr><tr><td style=\"white-space:nowrap\"><a name=\"x-https://www.ehealth.fgov.be/standards/fhir/medication/CodeSystem/medication-request-reimbursement-type-third-dose\"> </a>\u00a0\u00a0<a href=\"CodeSystem-medication-request-reimbursement-type.html#medication-request-reimbursement-type-third-dose\">third-dose</a></td><td>https://www.ehealth.fgov.be/standards/fhir/medication/CodeSystem/medication-request-reimbursement-type</td><td>Third dose + [date of the first and second dose]</td></tr><tr><td style=\"white-space:nowrap\"><a name=\"x-https://www.ehealth.fgov.be/standards/fhir/medication/CodeSystem/medication-request-reimbursement-type-chronic-renal-failure-pathway\"> </a>\u00a0\u00a0<a href=\"CodeSystem-medication-request-reimbursement-type.html#medication-request-reimbursement-type-chronic-renal-failure-pathway\">chronic-renal-failure-pathway</a></td><td>https://www.ehealth.fgov.be/standards/fhir/medication/CodeSystem/medication-request-reimbursement-type</td><td>Care pathway chronic renal failure</td></tr><tr><td style=\"white-space:nowrap\"><a name=\"x-https://www.ehealth.fgov.be/standards/fhir/medication/CodeSystem/medication-request-reimbursement-type-diabetes-care-pathway\"> </a>\u00a0\u00a0<a href=\"CodeSystem-medication-request-reimbursement-type.html#medication-request-reimbursement-type-diabetes-care-pathway\">diabetes-care-pathway</a></td><td>https://www.ehealth.fgov.be/standards/fhir/medication/CodeSystem/medication-request-reimbursement-type</td><td>Care pathway diabetes</td></tr><tr><td style=\"white-space:nowrap\"><a name=\"x-https://www.ehealth.fgov.be/standards/fhir/medication/CodeSystem/medication-request-reimbursement-type-diabetes-convention\"> </a>\u00a0\u00a0<a href=\"CodeSystem-medication-request-reimbursement-type.html#medication-request-reimbursement-type-diabetes-convention\">diabetes-convention</a></td><td>https://www.ehealth.fgov.be/standards/fhir/medication/CodeSystem/medication-request-reimbursement-type</td><td>Diabetes convention</td></tr><tr><td style=\"white-space:nowrap\"><a name=\"x-https://www.ehealth.fgov.be/standards/fhir/medication/CodeSystem/medication-request-reimbursement-type-non-reimbursable\"> </a>\u00a0\u00a0<a href=\"CodeSystem-medication-request-reimbursement-type.html#medication-request-reimbursement-type-non-reimbursable\">non-reimbursable</a></td><td>https://www.ehealth.fgov.be/standards/fhir/medication/CodeSystem/medication-request-reimbursement-type</td><td>Non-reimbursable</td></tr><tr><td style=\"white-space:nowrap\"><a name=\"x-https://www.ehealth.fgov.be/standards/fhir/medication/CodeSystem/medication-request-reimbursement-type-startup-pathway-type-2-diabetes\"> </a>\u00a0\u00a0<a href=\"CodeSystem-medication-request-reimbursement-type.html#medication-request-reimbursement-type-startup-pathway-type-2-diabetes\">startup-pathway-type-2-diabetes</a></td><td>https://www.ehealth.fgov.be/standards/fhir/medication/CodeSystem/medication-request-reimbursement-type</td><td>Start-up pathway type 2 diabetes</td></tr></table></div>"
      },
      "url" : "https://www.ehealth.fgov.be/standards/fhir/medication/ValueSet/medication-request-reimbursement-type",
      "version" : "1.1.0",
      "name" : "MedicationRequestReimbursementTypeVS",
      "title" : "Medication request reimbursement type ValueSet",
      "status" : "draft",
      "experimental" : false,
      "date" : "2024-10-22T10:07:22+00:00",
      "jurisdiction" : [{
        "coding" : [{
          "system" : "urn:iso:std:iso:3166",
          "code" : "BE",
          "display" : "Belgium"
        }]
      }],
      "expansion" : {
        "identifier" : "urn:uuid:4fa5d962-609c-4992-8c6d-3b970d08dc10",
        "timestamp" : "2024-10-22T10:08:19+00:00",
        "total" : 9,
        "offset" : 0,
        "parameter" : [{
          "name" : "count",
          "valueInteger" : 1000
        },
        {
          "name" : "offset",
          "valueInteger" : 0
        },
        {
          "name" : "excludeNested",
          "valueBoolean" : false
        },
        {
          "name" : "used-codesystem",
          "valueUri" : "https://www.ehealth.fgov.be/standards/fhir/medication/CodeSystem/medication-request-reimbursement-type|1.1.0"
        }],
        "contains" : [{
          "system" : "https://www.ehealth.fgov.be/standards/fhir/medication/CodeSystem/medication-request-reimbursement-type",
          "code" : "third-party-payer-applicable",
          "display" : "Third-party payer applicable"
        },
        {
          "system" : "https://www.ehealth.fgov.be/standards/fhir/medication/CodeSystem/medication-request-reimbursement-type",
          "code" : "first-dose",
          "display" : "First dose"
        },
        {
          "system" : "https://www.ehealth.fgov.be/standards/fhir/medication/CodeSystem/medication-request-reimbursement-type",
          "code" : "second-dose",
          "display" : "Second dose + [date of the first dose]"
        },
        {
          "system" : "https://www.ehealth.fgov.be/standards/fhir/medication/CodeSystem/medication-request-reimbursement-type",
          "code" : "third-dose",
          "display" : "Third dose + [date of the first and second dose]"
        },
        {
          "system" : "https://www.ehealth.fgov.be/standards/fhir/medication/CodeSystem/medication-request-reimbursement-type",
          "code" : "chronic-renal-failure-pathway",
          "display" : "Care pathway chronic renal failure"
        },
        {
          "system" : "https://www.ehealth.fgov.be/standards/fhir/medication/CodeSystem/medication-request-reimbursement-type",
          "code" : "diabetes-care-pathway",
          "display" : "Care pathway diabetes"
        },
        {
          "system" : "https://www.ehealth.fgov.be/standards/fhir/medication/CodeSystem/medication-request-reimbursement-type",
          "code" : "diabetes-convention",
          "display" : "Diabetes convention"
        },
        {
          "system" : "https://www.ehealth.fgov.be/standards/fhir/medication/CodeSystem/medication-request-reimbursement-type",
          "code" : "non-reimbursable",
          "display" : "Non-reimbursable"
        },
        {
          "system" : "https://www.ehealth.fgov.be/standards/fhir/medication/CodeSystem/medication-request-reimbursement-type",
          "code" : "startup-pathway-type-2-diabetes",
          "display" : "Start-up pathway type 2 diabetes"
        }]
      }
    }
  },
  {
    "fullUrl" : "https://www.ehealth.fgov.be/standards/fhir/medication/ValueSet/medication-type-vs",
    "resource" : {
      "resourceType" : "ValueSet",
      "text" : {
        "status" : "generated",
        "div" : "<div xmlns=\"http://www.w3.org/1999/xhtml\"><p class=\"res-header-id\"><b>Generated Narrative: ValueSet </b></p><p style=\"border: black 1px dotted; background-color: #EEEEEE; padding: 8px; margin-bottom: 8px\">Expansion based on <a href=\"CodeSystem-medication-type.html\">codesystem Medication preparation Type v1.1.0 (CodeSystem)</a></p><p>This value set contains 4 concepts</p><table class=\"codes\"><tr><td style=\"white-space:nowrap\"><b>Code</b></td><td><b>System</b></td><td><b>Display</b></td></tr><tr><td style=\"white-space:nowrap\"><a name=\"x-https://www.ehealth.fgov.be/standards/fhir/medication/CodeSystem/medication-type-magistral\"> </a>\u00a0\u00a0<a href=\"CodeSystem-medication-type.html#medication-type-magistral\">magistral</a></td><td>https://www.ehealth.fgov.be/standards/fhir/medication/CodeSystem/medication-type</td><td>Magistral preparation</td></tr><tr><td style=\"white-space:nowrap\"><a name=\"x-https://www.ehealth.fgov.be/standards/fhir/medication/CodeSystem/medication-type-officinal\"> </a>\u00a0\u00a0<a href=\"CodeSystem-medication-type.html#medication-type-officinal\">officinal</a></td><td>https://www.ehealth.fgov.be/standards/fhir/medication/CodeSystem/medication-type</td><td>Officinal preparation</td></tr><tr><td style=\"white-space:nowrap\"><a name=\"x-https://www.ehealth.fgov.be/standards/fhir/medication/CodeSystem/medication-type-medicinal-product\"> </a>\u00a0\u00a0<a href=\"CodeSystem-medication-type.html#medication-type-medicinal-product\">medicinal-product</a></td><td>https://www.ehealth.fgov.be/standards/fhir/medication/CodeSystem/medication-type</td><td>Medicinal Product</td></tr><tr><td style=\"white-space:nowrap\"><a name=\"x-https://www.ehealth.fgov.be/standards/fhir/medication/CodeSystem/medication-type-non-medicinal-product\"> </a>\u00a0\u00a0<a href=\"CodeSystem-medication-type.html#medication-type-non-medicinal-product\">non-medicinal-product</a></td><td>https://www.ehealth.fgov.be/standards/fhir/medication/CodeSystem/medication-type</td><td>non-medicinal product e.g. supplement</td></tr></table></div>"
      },
      "url" : "https://www.ehealth.fgov.be/standards/fhir/medication/ValueSet/medication-type-vs",
      "version" : "1.1.0",
      "name" : "BEMLMedicationTypeVS",
      "title" : "Medication preparation Type value set",
      "status" : "draft",
      "experimental" : false,
      "date" : "2024-10-22T10:07:22+00:00",
      "jurisdiction" : [{
        "coding" : [{
          "system" : "urn:iso:std:iso:3166",
          "code" : "BE",
          "display" : "Belgium"
        }]
      }],
      "expansion" : {
        "identifier" : "urn:uuid:e6be5e63-bb84-497f-86c3-8eed74f2e03b",
        "timestamp" : "2024-10-22T10:08:19+00:00",
        "total" : 4,
        "offset" : 0,
        "parameter" : [{
          "name" : "count",
          "valueInteger" : 1000
        },
        {
          "name" : "offset",
          "valueInteger" : 0
        },
        {
          "name" : "excludeNested",
          "valueBoolean" : false
        },
        {
          "name" : "used-codesystem",
          "valueUri" : "https://www.ehealth.fgov.be/standards/fhir/medication/CodeSystem/medication-type|1.1.0"
        }],
        "contains" : [{
          "system" : "https://www.ehealth.fgov.be/standards/fhir/medication/CodeSystem/medication-type",
          "code" : "magistral",
          "display" : "Magistral preparation"
        },
        {
          "system" : "https://www.ehealth.fgov.be/standards/fhir/medication/CodeSystem/medication-type",
          "code" : "officinal",
          "display" : "Officinal preparation"
        },
        {
          "system" : "https://www.ehealth.fgov.be/standards/fhir/medication/CodeSystem/medication-type",
          "code" : "medicinal-product",
          "display" : "Medicinal Product"
        },
        {
          "system" : "https://www.ehealth.fgov.be/standards/fhir/medication/CodeSystem/medication-type",
          "code" : "non-medicinal-product",
          "display" : "non-medicinal product e.g. supplement"
        }]
      }
    }
  }]
}